manifesto_id,party,date,mean_score
31320_198106,31320,198106,0.2223
51320_196410,51320,196410,0.0779
51420_196410,51420,196410,0.1014
51620_196410,51620,196410,0.1304
51320_196603,51320,196603,0.1023
51420_196603,51420,196603,0.1328
51620_196603,51620,196603,0.0981
51320_197006,51320,197006,0.1143
51420_197006,51420,197006,0.0797
51620_197006,51620,197006,0.1495
51320_197402,51320,197402,0.0964
51420_197402,51420,197402,0.0227
51620_197402,51620,197402,0.0747
51320_197410,51320,197410,0.1254
51420_197410,51420,197410,0.0401
51620_197410,51620,197410,0.0519
51320_197905,51320,197905,0.1624
51420_197905,51420,197905,0.1017
51620_197905,51620,197905,0.1099
51320_198306,51320,198306,0.1528
51330_198306,51330,198306,0.0977
51420_198306,51420,198306,0.0977
51620_198306,51620,198306,0.1602
51320_198706,51320,198706,0.1889
51330_198706,51330,198706,0.0651
51420_198706,51420,198706,0.0651
51620_198706,51620,198706,0.1367
51320_199204,51320,199204,0.1767
51421_199204,51421,199204,0.1339
51620_199204,51620,199204,0.1663
51320_199705,51320,199705,0.162
51421_199705,51421,199705,0.176
51620_199705,51620,199705,0.1592
51902_199705,51902,199705,0.1584
51320_200106,51320,200106,0.1829
51421_200106,51421,200106,0.108
51620_200106,51620,200106,0.1442
51902_200106,51902,200106,0.1206
51951_200106,51951,200106,0.1414
51320_200505,51320,200505,0.1365
51421_200505,51421,200505,0.0841
51620_200505,51620,200505,0.1307
51110_201505,51110,201505,0.0971
51210_201505,51210,201505,0.1048
51320_201505,51320,201505,0.1597
51340_201505,51340,201505,0.1277
51421_201505,51421,201505,0.0566
51620_201505,51620,201505,0.1102
51621_201505,51621,201505,0.0733
51901_201505,51901,201505,0.099
51902_201505,51902,201505,0.0941
51903_201505,51903,201505,0.196
51951_201505,51951,201505,0.0789
51110_201706,51110,201706,0.0825
51210_201706,51210,201706,0.0692
51320_201706,51320,201706,0.1294
51421_201706,51421,201706,0.1044
51620_201706,51620,201706,0.1371
51901_201706,51901,201706,0.1393
51902_201706,51902,201706,0.1042
51903_201706,51903,201706,0.1806
51951_201706,51951,201706,0.0941
51110_201912,51110,201912,0.0368
51210_201912,51210,201912,0.0729
51320_201912,51320,201912,0.1269
51340_201912,51340,201912,0.1263
51421_201912,51421,201912,0.1023
51430_201912,51430,201912,0.1758
51620_201912,51620,201912,0.1544
51901_201912,51901,201912,0.0613
51902_201912,51902,201912,0.1011
51903_201912,51903,201912,0.1738
51110_202407,51110,202407,0.0682
51210_202407,51210,202407,0.1196
51320_202407,51320,202407,0.1065
51340_202407,51340,202407,0.1287
51421_202407,51421,202407,0.1153
51430_202407,51430,202407,0.1446
51620_202407,51620,202407,0.1159
51621_202407,51621,202407,0.1654
51701_202407,51701,202407,0.1484
51901_202407,51901,202407,0.0539
51902_202407,51902,202407,0.0623
51903_202407,51903,202407,0.1493
51904_202407,51904,202407,0.1282
53320_196110,53320,196110,0.0737
53520_196110,53520,196110,0.1096
53320_196504,53320,196504,0.0465
53520_196504,53520,196504,0.026
53620_196504,53620,196504,0.0909
53320_196906,53320,196906,0.1333
53520_196906,53520,196906,0.0397
53620_196906,53620,196906,0.3163
53320_197302,53320,197302,-0.0897
53520_197302,53520,197302,-0.0897
53620_197302,53620,197302,0.1166
53320_197706,53320,197706,0.0826
53520_197706,53520,197706,0.0826
53620_197706,53620,197706,0.1521
53320_198106,53320,198106,0.1032
53520_198106,53520,198106,0.0892
53620_198106,53620,198106,0.0846
53320_198202,53320,198202,0.1853
53520_198202,53520,198202,0.0235
53620_198202,53620,198202,0.2697
53220_198211,53220,198211,0.1053
53320_198211,53320,198211,0.0854
53520_198211,53520,198211,0.0423
53620_198211,53620,198211,0.063
53220_198702,53220,198702,0.0672
53320_198702,53320,198702,0.1094
53420_198702,53420,198702,0.1113
53520_198702,53520,198702,0.0462
53620_198702,53620,198702,0.144
53220_198906,53220,198906,0.1085
53320_198906,53320,198906,0.1181
53420_198906,53420,198906,0.0469
53520_198906,53520,198906,0.0954
53620_198906,53620,198906,0.1191
53110_199211,53110,199211,0.0393
53221_199211,53221,199211,0.121
53320_199211,53320,199211,0.0812
53420_199211,53420,199211,0.052
53520_199211,53520,199211,0.1625
53620_199211,53620,199211,0.1531
53110_199706,53110,199706,0.0045
53221_199706,53221,199706,0.1119
53320_199706,53320,199706,0.1237
53420_199706,53420,199706,0.1252
53520_199706,53520,199706,0.0686
53620_199706,53620,199706,0.139
53110_200205,53110,200205,0.0217
53320_200205,53320,200205,0.155
53420_200205,53420,200205,0.157
53520_200205,53520,200205,0.091
53620_200205,53620,200205,0.1387
53951_200205,53951,200205,0.0336
53110_200705,53110,200705,-0.0979
53320_200705,53320,200705,0.0965
53420_200705,53420,200705,0.1171
53520_200705,53520,200705,0.0998
53620_200705,53620,200705,0.1344
53951_200705,53951,200705,0.0822
53021_201102,53021,201102,0.1165
53110_201102,53110,201102,0.0223
53230_201102,53230,201102,0.1206
53320_201102,53320,201102,0.1179
53520_201102,53520,201102,0.1306
53620_201102,53620,201102,0.1723
53951_201102,53951,201102,0.0993
53110_201602,53110,201602,0.0333
53231_201602,53231,201602,0.1103
53240_201602,53240,201602,0.0636
53250_201602,53250,201602,0.0738
53320_201602,53320,201602,0.0984
53321_201602,53321,201602,0.1238
53520_201602,53520,201602,0.1247
53620_201602,53620,201602,0.1136
53951_201602,53951,201602,0.083
53981_201602,53981,201602,0.1155
53110_202002,53110,202002,0.1117
53231_202002,53231,202002,0.1231
53320_202002,53320,202002,0.1187
53321_202002,53321,202002,0.1234
53520_202002,53520,202002,0.1416
53620_202002,53620,202002,0.1145
53951_202002,53951,202002,0.0319
53952_202002,53952,202002,0.094
61320_196011,61320,196011,0.1377
61620_196011,61620,196011,0.1961
61320_196411,61320,196411,0.1926
61620_196411,61620,196411,0.1158
61320_196811,61320,196811,0.1224
61620_196811,61620,196811,0.128
61320_197211,61320,197211,0.1406
61620_197211,61620,197211,0.1604
61320_197611,61320,197611,0.1355
61620_197611,61620,197611,0.1406
61320_198011,61320,198011,0.1482
61620_198011,61620,198011,0.1239
61320_198411,61320,198411,0.1967
61620_198411,61620,198411,0.1943
61320_198811,61320,198811,0.0113
61620_198811,61620,198811,0.1557
61320_199211,61320,199211,0.1713
61620_199211,61620,199211,0.1735
61320_199611,61320,199611,0.1856
61620_199611,61620,199611,0.1573
61320_200011,61320,200011,0.1462
61620_200011,61620,200011,0.1443
61320_200411,61320,200411,0.1747
61620_200411,61620,200411,0.1866
61320_200811,61320,200811,0.1612
61620_200811,61620,200811,0.1065
61320_201211,61320,201211,0.173
61620_201211,61620,201211,0.1249
61320_201611,61320,201611,0.1584
61620_201611,61620,201611,0.1187
61320_202011,61320,202011,0.1457
61620_202011,61620,202011,0.1187
61320_202411,61320,202411,0.1594
61620_202411,61620,202411,0.2116
62320_196206,62320,196206,0.1285
62420_196206,62420,196206,0.1486
62620_196206,62620,196206,0.1231
62951_196206,62951,196206,0.2122
62320_196304,62320,196304,0.2692
62420_196304,62420,196304,0.1562
62620_196304,62620,196304,0.0097
62951_196304,62951,196304,0.1612
62320_196511,62320,196511,0.1252
62420_196511,62420,196511,0.048
62620_196511,62620,196511,0.1002
62951_196511,62951,196511,0.0992
62320_196806,62320,196806,0.0852
62420_196806,62420,196806,0.0718
62620_196806,62620,196806,0.0448
62951_196806,62951,196806,0.2158
62320_197210,62320,197210,0.0993
62620_197210,62620,197210,0.0311
62420_197407,62420,197407,0.0579
62620_197407,62620,197407,0.1224
62420_198002,62420,198002,0.0889
62620_198002,62620,198002,0.1002
62320_198409,62320,198409,0.0885
62420_198409,62420,198409,0.1515
62320_198811,62320,198811,0.0574
62420_199310,62420,199310,0.0923
62320_199706,62320,199706,0.0835
62420_199706,62420,199706,0.123
62620_199706,62620,199706,0.1018
62621_199706,62621,199706,0.1809
62901_199706,62901,199706,0.1261
62320_200011,62320,200011,0.1136
62420_200011,62420,200011,0.1113
62620_200011,62620,200011,0.0958
62622_200011,62622,200011,0.0808
62320_200406,62320,200406,0.04
62420_200406,62420,200406,0.069
62623_200406,62623,200406,0.0758
62320_200601,62320,200601,0.0792
62420_200601,62420,200601,0.0883
62623_200601,62623,200601,0.0779
62110_200810,62110,200810,0.0068
62320_200810,62320,200810,0.1078
62420_200810,62420,200810,-0.006
62623_200810,62623,200810,0.0706
62110_201510,62110,201510,0.0537
62320_201510,62320,201510,0.0832
62420_201510,62420,201510,0.1487
62623_201510,62623,201510,0.0596
62110_201910,62110,201910,0.0563
62320_201910,62320,201910,0.0642
62420_201910,62420,201910,0.0758
62623_201910,62623,201910,0.0424
62110_202109,62110,202109,0.0258
62320_202109,62320,202109,0.0426
62420_202109,62420,202109,0.0795
62623_202109,62623,202109,0.0437
63320_196112,63320,196112,0.1015
63330_196112,63330,196112,0.1592
63620_196112,63620,196112,0.0905
63810_196112,63810,196112,0.1613
63320_196311,63320,196311,0.103
63330_196311,63330,196311,0.1269
63620_196311,63620,196311,0.0381
63810_196311,63810,196311,0.117
63320_196611,63320,196611,0.0959
63330_196611,63330,196611,0.0895
63620_196611,63620,196611,0.0723
63810_196611,63810,196611,0.0329
63320_196910,63320,196910,0.0849
63330_196910,63330,196910,0.0023
63620_196910,63620,196910,0.0401
63810_196910,63810,196910,0.141
63320_197212,63320,197212,0.0546
63330_197212,63330,197212,0.0871
63620_197212,63620,197212,0.091
63810_197212,63810,197212,0.0662
63330_197405,63330,197405,0.0773
63620_197405,63620,197405,0.0758
63810_197405,63810,197405,0.0591
63320_197512,63320,197512,0.12
63330_197512,63330,197512,0.0951
63620_197512,63620,197512,0.1449
63810_197512,63810,197512,0.1392
63320_197712,63320,197712,0.1203
63330_197712,63330,197712,0.0949
63620_197712,63620,197712,0.1323
63810_197712,63810,197712,0.1003
63320_198010,63320,198010,0.1403
63620_198010,63620,198010,0.1355
63810_198010,63810,198010,0.0915
63320_198303,63320,198303,0.0799
63620_198303,63620,198303,0.0894
63810_198303,63810,198303,0.1426
63320_198412,63320,198412,0.1069
63620_198412,63620,198412,0.1268
63810_198412,63810,198412,0.1602
63320_198707,63320,198707,0.1493
63810_198707,63810,198707,0.0818
63320_199003,63320,199003,0.1262
63620_199003,63620,199003,0.1396
63810_199003,63810,199003,0.1478
63320_199303,63320,199303,0.1167
63620_199303,63620,199303,0.1273
63810_199303,63810,199303,0.1107
63320_199603,63320,199603,0.1385
63321_199603,63321,199603,0.1134
63320_199810,63320,199810,0.101
63321_199810,63321,199810,0.062
63620_199810,63620,199810,0.1027
63810_199810,63810,199810,0.1027
63320_200111,63320,200111,0.1584
63321_200111,63321,200111,0.0839
63620_200111,63620,200111,0.1155
63810_200111,63810,200111,0.0672
63110_200410,63110,200410,0.1785
63320_200410,63320,200410,0.1288
63620_200410,63620,200410,0.1021
63810_200410,63810,200410,0.0943
63110_200711,63110,200711,0.1861
63320_200711,63320,200711,0.153
63620_200711,63620,200711,0.1049
63810_200711,63810,200711,0.1886
63110_201008,63110,201008,0.1555
63320_201008,63320,201008,0.1374
63620_201008,63620,201008,0.2267
63621_201008,63621,201008,0.2267
63810_201008,63810,201008,0.1018
63110_201309,63110,201309,0.067
63320_201309,63320,201309,0.04
63410_201309,63410,201309,0.1923
63620_201309,63620,201309,0.1755
63621_201309,63621,201309,0.1755
63622_201309,63622,201309,0.1755
63710_201309,63710,201309,0.1217
63810_201309,63810,201309,0.0681
63110_201607,63110,201607,0.1045
63320_201607,63320,201607,0.1426
63620_201607,63620,201607,0.1417
63621_201607,63621,201607,0.1417
63710_201607,63710,201607,0.122
63810_201607,63810,201607,0.1448
63901_201607,63901,201607,-0.0081
63110_201905,63110,201905,0.0253
63320_201905,63320,201905,0.1145
63620_201905,63620,201905,0.143
63621_201905,63621,201905,0.143
63710_201905,63710,201905,0.0107
63810_201905,63810,201905,0.1414
63901_201905,63901,201905,0.072
63110_202205,63110,202205,0.0811
63320_202205,63320,202205,0.1115
63620_202205,63620,202205,0.1441
63621_202205,63621,202205,0.1441
63710_202205,63710,202205,0.1459
63810_202205,63810,202205,0.1583
63901_202205,63901,202205,0.072
64320_196011,64320,196011,0.0956
64620_196011,64620,196011,0.1144
64951_196011,64951,196011,0.0961
64320_196311,64320,196311,0.0854
64620_196311,64620,196311,0.1191
64951_196311,64951,196311,0.1161
64320_196611,64320,196611,0.0881
64620_196611,64620,196611,0.1128
64951_196611,64951,196611,0.0979
64320_196911,64320,196911,0.0797
64620_196911,64620,196911,0.1274
64951_196911,64951,196911,0.1016
64320_197211,64320,197211,0.078
64620_197211,64620,197211,0.113
64951_197211,64951,197211,0.0788
64320_197511,64320,197511,0.086
64620_197511,64620,197511,0.0872
64951_197511,64951,197511,0.0875
64320_197811,64320,197811,0.1055
64620_197811,64620,197811,0.1046
64951_197811,64951,197811,0.0933
64320_198111,64320,198111,0.0984
64620_198111,64620,198111,0.1317
64951_198111,64951,198111,0.098
64320_198407,64320,198407,0.1155
64620_198407,64620,198407,0.1574
64951_198407,64951,198407,0.0847
64320_198708,64320,198708,0.0833
64620_198708,64620,198708,0.1511
64951_198708,64951,198708,0.1322
64320_199010,64320,199010,0.1418
64620_199010,64620,199010,0.1793
64951_199010,64951,199010,0.1489
64320_199311,64320,199311,0.126
64321_199311,64321,199311,0.1519
64620_199311,64620,199311,0.1487
64621_199311,64621,199311,0.0618
64320_199610,64320,199610,0.1856
64321_199610,64321,199610,0.1444
64420_199610,64420,199610,0.128
64620_199610,64620,199610,0.1099
64621_199610,64621,199610,0.0691
64110_199911,64110,199911,0.0201
64320_199911,64320,199911,0.194
64321_199911,64321,199911,0.1468
64420_199911,64420,199911,0.155
64620_199911,64620,199911,0.1867
64621_199911,64621,199911,0.0781
64110_200207,64110,200207,0.1354
64320_200207,64320,200207,0.1691
64420_200207,64420,200207,0.1471
64421_200207,64421,200207,0.1496
64422_200207,64422,200207,0.2557
64621_200207,64621,200207,0.1028
64110_200509,64110,200509,0.1008
64320_200509,64320,200509,0.1022
64420_200509,64420,200509,-0.5027
64422_200509,64422,200509,0.0666
64620_200509,64620,200509,0.1436
64901_200509,64901,200509,0.0548
64110_200811,64110,200811,0.0284
64320_200811,64320,200811,0.1717
64420_200811,64420,200811,0.2184
64421_200811,64421,200811,0.1998
64422_200811,64422,200811,0.031
64620_200811,64620,200811,0.189
64901_200811,64901,200811,0.1572
64110_201111,64110,201111,0.0772
64320_201111,64320,201111,0.0932
64420_201111,64420,201111,0.0846
64421_201111,64421,201111,0.1429
64620_201111,64620,201111,0.1643
64621_201111,64621,201111,0.0986
64901_201111,64901,201111,0.171
64902_201111,64902,201111,0.1355
64110_201409,64110,201409,0.0748
64320_201409,64320,201409,0.1145
64420_201409,64420,201409,0.0846
64421_201409,64421,201409,0.0567
64620_201409,64620,201409,0.1502
64621_201409,64621,201409,0.1226
64901_201409,64901,201409,0.2061
64110_201709,64110,201709,0.1087
64320_201709,64320,201709,0.144
64420_201709,64420,201709,0.0697
64620_201709,64620,201709,0.0746
64621_201709,64621,201709,0.156
64901_201709,64901,201709,0.0816
64110_202010,64110,202010,0.0536
64320_202010,64320,202010,0.2162
64420_202010,64420,202010,0.1221
64620_202010,64620,202010,0.1186
64621_202010,64621,202010,0.0804
64901_202010,64901,202010,0.1318
72903_200301,72903,200301,0.3098
80220_199412,80220,199412,0.1602
80410_199412,80410,199412,0.1515
80811_199412,80811,199412,0.0952
80951_199412,80951,199412,0.1618
92710_199110,92710,199110,0.119
92210_199309,92210,199309,0.2698
92322_199309,92322,199309,0.089
92410_199309,92410,199309,0.18
92710_199309,92710,199309,-0.0109
92811_199309,92811,199309,0.1995
96952_199006,96952,199006,0.1152
96220_199206,96220,199206,0.1505
181310_199404,181310,199404,0.1238
181410_199404,181410,199404,0.1508
181310_199906,181310,199906,0.0822
181410_199906,181410,199906,0.1315
181910_199906,181910,199906,0.1361
181310_200404,181310,200404,0.2866
181411_200404,181411,200404,0.1326
181910_200404,181910,200404,0.1456
181310_200904,181310,200904,0.1445
181411_200904,181411,200904,0.1453
181420_200904,181420,200904,0.0472
181910_200904,181910,200904,0.069
181210_201405,181210,201405,0.1216
181310_201405,181310,201405,0.1323
181411_201405,181411,201405,0.1458
181420_201405,181420,201405,0.193
181910_201405,181910,201405,0.2017
181210_201905,181210,201905,0.1196
181310_201905,181310,201905,0.1501
181311_201905,181311,201905,0.1338
181320_201905,181320,201905,0.1529
181325_201905,181325,201905,0.0426
181411_201905,181411,201905,0.1091
181420_201905,181420,201905,0.1021
181510_201905,181510,201905,0.25
181520_201905,181520,201905,0.0923
181710_201905,181710,201905,0.1045
181910_201905,181910,201905,0.1092
181980_201905,181980,201905,0.2107
