manifesto_id,party,date,mean_score,std_score,n_sentences
31320_198106,31320,198106,0.1907,0.8397,236
51320_196410,51320,196410,0.0827,0.8381,399
51420_196410,51420,196410,0.1991,0.8177,216
51620_196410,51620,196410,0.1286,0.8363,412
51320_196603,51320,196603,0.117,0.8295,513
51420_196603,51420,196603,0.1266,0.8491,308
51620_196603,51620,196603,0.1795,0.8303,273
51320_197006,51320,197006,0.1527,0.8513,524
51420_197006,51420,197006,-0.105,0.7902,181
51620_197006,51620,197006,0.1185,0.8697,540
51320_197402,51320,197402,0.0659,0.8619,182
51420_197402,51420,197402,0.0198,0.8157,353
51620_197402,51620,197402,0.088,0.8595,568
51320_197410,51320,197410,0.1154,0.8694,364
51420_197410,51420,197410,-0.1183,0.8134,262
51620_197410,51620,197410,0.086,0.8545,663
51320_197905,51320,197905,0.1547,0.8558,472
51420_197905,51420,197905,0.0537,0.8517,335
51620_197905,51620,197905,0.1398,0.8554,422
51320_198306,51320,198306,0.2681,0.8189,1134
51330_198306,51330,198306,0.1847,0.8556,509
51420_198306,51420,198306,0.1847,0.8556,509
51620_198306,51620,198306,0.1131,0.86,610
51320_198706,51320,198706,0.3104,0.819,451
51330_198706,51330,198706,0.1575,0.8171,673
51420_198706,51420,198706,0.1575,0.8171,673
51620_198706,51620,198706,0.1676,0.8263,913
51320_199204,51320,199204,0.2515,0.7995,652
51421_199204,51421,199204,0.2216,0.812,871
51620_199204,51620,199204,0.2219,0.8228,1582
51320_199705,51320,199705,0.2179,0.8322,904
51421_199705,51421,199705,0.2791,0.7819,824
51620_199705,51620,199705,0.1802,0.8384,1160
51902_199705,51902,199705,0.2259,0.8209,549
51320_200106,51320,200106,0.2767,0.7768,1572
51421_200106,51421,200106,0.1844,0.8106,1117
51620_200106,51620,200106,0.1029,0.8513,680
51902_200106,51902,200106,0.2449,0.7959,437
51951_200106,51951,200106,0.285,0.8163,614
51320_200505,51320,200505,0.2705,0.7733,1098
51421_200505,51421,200505,0.2013,0.8164,775
51620_200505,51620,200505,0.201,0.8277,408
51110_201505,51110,201505,0.1758,0.8372,1849
51210_201505,51210,201505,0.0182,0.8605,274
51320_201505,51320,201505,0.2439,0.8255,857
51340_201505,51340,201505,0.2909,0.8396,385
51421_201505,51421,201505,0.3203,0.7922,1327
51620_201505,51620,201505,0.2957,0.8005,1133
51621_201505,51621,201505,0.1365,0.846,271
51901_201505,51901,201505,0.2593,0.8198,729
51902_201505,51902,201505,0.3299,0.7659,673
51903_201505,51903,201505,0.3462,0.8523,104
51951_201505,51951,201505,0.1727,0.8046,1019
51110_201706,51110,201706,0.3451,0.8396,142
51210_201706,51210,201706,0.0887,0.8521,124
51320_201706,51320,201706,0.292,0.8113,1072
51421_201706,51421,201706,0.3318,0.787,850
51620_201706,51620,201706,0.3646,0.7954,1182
51901_201706,51901,201706,0.2318,0.8432,289
51902_201706,51902,201706,0.3056,0.812,841
51903_201706,51903,201706,0.4103,0.803,273
51951_201706,51951,201706,0.1948,0.7931,991
51110_201912,51110,201912,0.2387,0.8182,976
51210_201912,51210,201912,-0.0917,0.8731,109
51320_201912,51320,201912,0.2756,0.8113,1121
51340_201912,51340,201912,0.268,0.8227,362
51421_201912,51421,201912,0.3079,0.782,1049
51430_201912,51430,201912,0.4068,0.7759,499
51620_201912,51620,201912,0.3371,0.7919,887
51901_201912,51901,201912,0.2,0.8221,760
51902_201912,51902,201912,0.2997,0.8226,784
51903_201912,51903,201912,0.2988,0.8103,425
51110_202407,51110,202407,0.2054,0.8388,881
51210_202407,51210,202407,0.2619,0.7734,84
51320_202407,51320,202407,0.1963,0.8591,1258
51340_202407,51340,202407,0.2646,0.8508,359
51421_202407,51421,202407,0.3182,0.7803,990
51430_202407,51430,202407,0.3363,0.7932,675
51620_202407,51620,202407,0.3074,0.7913,1142
51621_202407,51621,202407,0.35,0.8405,380
51701_202407,51701,202407,0.2231,0.8074,372
51901_202407,51901,202407,0.1807,0.8219,675
51902_202407,51902,202407,0.1585,0.8691,328
51903_202407,51903,202407,0.3889,0.7861,468
51904_202407,51904,202407,0.1483,0.8784,344
53320_196110,53320,196110,0.1494,0.8041,154
53520_196110,53520,196110,0.0796,0.7659,113
53320_196504,53320,196504,0.069,0.8192,145
53520_196504,53520,196504,-0.1271,0.7559,417
53620_196504,53620,196504,0.092,0.8661,87
53320_196906,53320,196906,-0.0963,0.8699,436
53520_196906,53520,196906,-0.0581,0.7944,413
53620_196906,53620,196906,0.52,0.7547,25
53320_197302,53320,197302,-0.1842,0.8539,38
53520_197302,53520,197302,-0.1842,0.8539,38
53620_197302,53620,197302,-0.0915,0.8273,153
53320_197706,53320,197706,0.1336,0.8062,277
53520_197706,53520,197706,0.1336,0.8062,277
53620_197706,53620,197706,0.1194,0.7841,310
53320_198106,53320,198106,-0.0297,0.8186,708
53520_198106,53520,198106,0.0092,0.8139,652
53620_198106,53620,198106,0.1512,0.762,734
53320_198202,53320,198202,0.125,0.8323,24
53520_198202,53520,198202,0.0,0.8536,129
53620_198202,53620,198202,0.4167,0.7592,12
53220_198211,53220,198211,0.1056,0.8072,341
53320_198211,53320,198211,0.163,0.8246,92
53520_198211,53520,198211,0.0,0.8088,159
53620_198211,53620,198211,0.0706,0.8314,1458
53220_198702,53220,198702,0.1811,0.8225,602
53320_198702,53320,198702,0.0772,0.8577,298
53420_198702,53420,198702,0.0763,0.7989,236
53520_198702,53520,198702,0.0201,0.8318,598
53620_198702,53620,198702,0.2276,0.833,637
53220_198906,53220,198906,0.2135,0.84,651
53320_198906,53320,198906,0.2108,0.863,166
53420_198906,53420,198906,0.0354,0.8193,226
53520_198906,53520,198906,0.0983,0.8237,824
53620_198906,53620,198906,0.1455,0.8033,1148
53110_199211,53110,199211,-0.0105,0.8522,190
53221_199211,53221,199211,0.1942,0.8169,278
53320_199211,53320,199211,0.0287,0.8202,766
53420_199211,53420,199211,0.0625,0.8115,160
53520_199211,53520,199211,0.2434,0.8445,189
53620_199211,53620,199211,0.2599,0.8304,177
53110_199706,53110,199706,0.0559,0.8429,447
53221_199706,53221,199706,0.0867,0.7911,150
53320_199706,53320,199706,0.1617,0.8354,1515
53420_199706,53420,199706,0.1807,0.8133,631
53520_199706,53520,199706,0.1437,0.8087,1002
53620_199706,53620,199706,0.1489,0.8275,2068
53110_200205,53110,200205,0.0957,0.8311,533
53320_200205,53320,200205,0.1585,0.8415,1218
53420_200205,53420,200205,0.2896,0.8094,1540
53520_200205,53520,200205,0.1408,0.8749,419
53620_200205,53620,200205,0.1927,0.7845,1505
53951_200205,53951,200205,0.0631,0.777,951
53110_200705,53110,200705,0.2828,0.7589,343
53320_200705,53320,200705,0.1846,0.8071,2048
53420_200705,53420,200705,0.2262,0.7785,1304
53520_200705,53520,200705,0.207,0.7889,1401
53620_200705,53620,200705,0.2292,0.7779,1867
53951_200705,53951,200705,0.2872,0.7605,1135
53021_201102,53021,201102,0.1429,0.8883,84
53110_201102,53110,201102,0.1297,0.8262,509
53230_201102,53230,201102,0.2653,0.8024,49
53320_201102,53320,201102,0.2214,0.7986,1242
53520_201102,53520,201102,0.2546,0.7676,1367
53620_201102,53620,201102,0.1929,0.8265,565
53951_201102,53951,201102,0.0978,0.7895,542
53110_201602,53110,201602,0.2814,0.8104,462
53231_201602,53231,201602,0.1082,0.824,388
53240_201602,53240,201602,0.1031,0.8487,223
53250_201602,53250,201602,0.1028,0.8853,107
53320_201602,53320,201602,0.2434,0.7448,1430
53321_201602,53321,201602,0.2131,0.806,610
53520_201602,53520,201602,0.2392,0.7693,2103
53620_201602,53620,201602,0.1625,0.7979,1742
53951_201602,53951,201602,-0.0186,0.8175,1132
53981_201602,53981,201602,-0.0548,0.8258,73
53110_202002,53110,202002,0.2318,0.795,1044
53231_202002,53231,202002,0.1229,0.8191,586
53320_202002,53320,202002,0.249,0.7631,779
53321_202002,53321,202002,0.2239,0.8015,1353
53520_202002,53520,202002,0.2399,0.7858,2022
53620_202002,53620,202002,0.1762,0.793,1935
53951_202002,53951,202002,0.0935,0.7562,1626
53952_202002,53952,202002,0.0827,0.8379,1137
61320_196011,61320,196011,0.2278,0.8603,755
61620_196011,61620,196011,0.2885,0.8279,454
61320_196411,61320,196411,0.2763,0.8726,228
61620_196411,61620,196411,0.0983,0.9023,295
61320_196811,61320,196811,0.2387,0.8535,662
61620_196811,61620,196811,0.2387,0.8419,444
61320_197211,61320,197211,0.2389,0.8222,1105
61620_197211,61620,197211,0.2388,0.8375,1097
61320_197611,61320,197611,0.2933,0.8119,832
61620_197611,61620,197611,0.151,0.8668,934
61320_198011,61320,198011,0.2703,0.8444,1617
61620_198011,61620,198011,0.2209,0.8608,1417
61320_198411,61320,198411,0.3133,0.8487,1861
61620_198411,61620,198411,0.2595,0.8533,1418
61320_198811,61320,198811,0.7101,0.6393,69
61620_198811,61620,198811,0.2603,0.8491,1817
61320_199211,61320,199211,0.3796,0.8161,353
61620_199211,61620,199211,0.2415,0.8568,1532
61320_199611,61320,199611,0.4161,0.8233,745
61620_199611,61620,199611,0.266,0.8365,1233
61320_200011,61320,200011,0.3171,0.8385,1110
61620_200011,61620,200011,0.2125,0.8556,1647
61320_200411,61320,200411,0.3505,0.8235,910
61620_200411,61620,200411,0.3609,0.8097,1751
61320_200811,61320,200811,0.3382,0.8218,1094
61620_200811,61620,200811,0.2615,0.8259,998
61320_201211,61320,201211,0.402,0.8204,980
61620_201211,61620,201211,0.2504,0.8472,1234
61320_201611,61320,201611,0.4651,0.7826,1045
61620_201611,61620,201611,0.2286,0.8492,1553
61320_202011,61320,202011,0.4573,0.7824,1522
61620_202011,61620,202011,0.2286,0.8492,1553
61320_202411,61320,202411,0.4046,0.802,1745
61620_202411,61620,202411,0.4361,0.807,227
62320_196206,62320,196206,0.2055,0.8013,472
62420_196206,62420,196206,0.1523,0.8251,348
62620_196206,62620,196206,0.1148,0.8118,61
62951_196206,62951,196206,0.375,0.696,112
62320_196304,62320,196304,0.6,0.7118,15
62420_196304,62420,196304,0.1327,0.8227,324
62620_196304,62620,196304,0.0769,0.8097,65
62951_196304,62951,196304,-0.0556,0.8696,54
62320_196511,62320,196511,-0.1304,0.797,23
62420_196511,62420,196511,-0.0175,0.8199,342
62620_196511,62620,196511,-0.0192,0.8658,104
62951_196511,62951,196511,0.1884,0.7475,69
62320_196806,62320,196806,0.1257,0.8034,183
62420_196806,62420,196806,0.2215,0.809,307
62620_196806,62620,196806,-0.0119,0.8224,337
62951_196806,62951,196806,0.4521,0.6419,73
62320_197210,62320,197210,0.1017,0.8308,177
62620_197210,62620,197210,0.0286,0.8614,70
62420_197407,62420,197407,-0.0333,0.809,90
62620_197407,62620,197407,-0.1923,0.7854,52
62420_198002,62420,198002,0.0526,0.8148,114
62620_198002,62620,198002,0.2667,0.7424,45
62320_198409,62320,198409,0.1562,0.8426,256
62420_198409,62420,198409,0.1698,0.8952,318
62320_198811,62320,198811,0.1558,0.7906,539
62420_199310,62420,199310,0.1667,0.8062,90
62320_199706,62320,199706,0.1358,0.7878,604
62420_199706,62420,199706,0.2648,0.7757,1990
62620_199706,62620,199706,0.1939,0.8468,856
62621_199706,62621,199706,0.3158,0.8305,38
62901_199706,62901,199706,0.27,0.7827,337
62320_200011,62320,200011,0.3204,0.751,387
62420_200011,62420,200011,0.2287,0.7984,551
62620_200011,62620,200011,0.1935,0.7989,672
62622_200011,62622,200011,0.1318,0.7679,425
62320_200406,62320,200406,0.2611,0.7718,586
62420_200406,62420,200406,0.1103,0.7793,707
62623_200406,62623,200406,0.1157,0.8125,484
62320_200601,62320,200601,0.1902,0.8057,610
62420_200601,62420,200601,0.2776,0.7953,1167
62623_200601,62623,200601,0.1365,0.8054,520
62110_200810,62110,200810,0.1454,0.8253,2029
62320_200810,62320,200810,0.2697,0.7919,623
62420_200810,62420,200810,0.1965,0.7985,346
62623_200810,62623,200810,0.2015,0.7936,273
62110_201510,62110,201510,0.1391,0.8408,453
62320_201510,62320,201510,0.2188,0.8014,768
62420_201510,62420,201510,0.2999,0.804,747
62623_201510,62623,201510,0.206,0.8013,1325
62110_201910,62110,201910,0.1777,0.8229,1013
62320_201910,62320,201910,0.2716,0.8394,1042
62420_201910,62420,201910,0.3142,0.8129,786
62623_201910,62623,201910,0.2093,0.824,1118
62110_202109,62110,202109,0.2165,0.8109,1164
62320_202109,62320,202109,0.2506,0.8327,1329
62420_202109,62420,202109,0.3271,0.7756,1599
62623_202109,62623,202109,0.1927,0.7995,1956
63320_196112,63320,196112,-0.1606,0.8564,137
63330_196112,63330,196112,-0.2,0.8907,60
63620_196112,63620,196112,-0.0894,0.8583,235
63810_196112,63810,196112,0.0145,0.8596,69
63320_196311,63320,196311,-0.0442,0.8265,181
63330_196311,63330,196311,0.0802,0.8365,262
63620_196311,63620,196311,-0.1503,0.8192,173
63810_196311,63810,196311,-0.1667,0.84,60
63320_196611,63320,196611,0.2326,0.7964,215
63330_196611,63330,196611,-0.0511,0.8645,372
63620_196611,63620,196611,0.1,0.7712,210
63810_196611,63810,196611,0.084,0.7733,119
63320_196910,63320,196910,0.078,0.7986,410
63330_196910,63330,196910,-0.1304,0.7597,69
63620_196910,63620,196910,0.0121,0.8399,248
63810_196910,63810,196910,0.1266,0.8324,79
63320_197212,63320,197212,0.1197,0.798,493
63330_197212,63330,197212,0.1812,0.8186,138
63620_197212,63620,197212,0.0829,0.8313,374
63810_197212,63810,197212,0.1622,0.8547,74
63330_197405,63330,197405,-0.0247,0.8458,243
63620_197405,63620,197405,-0.0366,0.8426,246
63810_197405,63810,197405,-0.225,0.8363,80
63320_197512,63320,197512,-0.1172,0.8684,418
63330_197512,63330,197512,-0.0174,0.8813,287
63620_197512,63620,197512,0.1927,0.8237,218
63810_197512,63810,197512,0.0603,0.8544,199
63320_197712,63320,197712,0.1371,0.8448,299
63330_197712,63330,197712,0.0,0.8251,47
63620_197712,63620,197712,0.1777,0.7732,394
63810_197712,63810,197712,-0.051,0.8375,392
63320_198010,63320,198010,0.1231,0.8135,260
63620_198010,63620,198010,0.1529,0.7779,942
63810_198010,63810,198010,-0.035,0.8449,200
63320_198303,63320,198303,0.1072,0.8393,345
63620_198303,63620,198303,0.1721,0.7896,1156
63810_198303,63810,198303,-0.1263,0.8855,190
63320_198412,63320,198412,0.2527,0.8395,376
63620_198412,63620,198412,0.1924,0.8392,634
63810_198412,63810,198412,0.1869,0.8552,214
63320_198707,63320,198707,0.1088,0.8719,193
63810_198707,63810,198707,0.0185,0.8331,216
63320_199003,63320,199003,0.1878,0.7267,474
63620_199003,63620,199003,0.1941,0.777,541
63810_199003,63810,199003,0.0788,0.8495,419
63320_199303,63320,199303,0.2534,0.7425,580
63620_199303,63620,199303,0.042,0.8623,381
63810_199303,63810,199303,0.25,0.8065,108
63320_199603,63320,199603,0.1812,0.8264,2544
63321_199603,63321,199603,0.335,0.8181,412
63320_199810,63320,199810,0.0311,0.8946,161
63321_199810,63321,199810,-0.0333,0.9,90
63620_199810,63620,199810,0.3365,0.7154,104
63810_199810,63810,199810,0.3365,0.7154,104
63320_200111,63320,200111,0.1272,0.8411,228
63321_200111,63321,200111,0.1316,0.8549,266
63620_200111,63620,200111,0.1493,0.763,268
63810_200111,63810,200111,0.0892,0.8697,157
63110_200410,63110,200410,0.3974,0.8218,156
63320_200410,63320,200410,0.1399,0.8173,336
63620_200410,63620,200410,0.1208,0.8388,298
63810_200410,63810,200410,0.1184,0.8731,76
63110_200711,63110,200711,0.4355,0.7854,124
63320_200711,63320,200711,0.0863,0.9134,278
63620_200711,63620,200711,0.24,0.8301,150
63810_200711,63810,200711,0.3448,0.7705,87
63110_201008,63110,201008,0.3567,0.77,1315
63320_201008,63320,201008,0.395,0.732,438
63620_201008,63620,201008,0.5435,0.7134,46
63621_201008,63621,201008,0.5435,0.7134,46
63810_201008,63810,201008,0.3603,0.7602,927
63110_201309,63110,201309,0.2687,0.8447,294
63320_201309,63320,201309,0.3833,0.7414,300
63410_201309,63410,201309,0.3455,0.8287,165
63620_201309,63620,201309,0.4378,0.7743,498
63621_201309,63621,201309,0.4378,0.7743,498
63622_201309,63622,201309,0.4378,0.7743,498
63710_201309,63710,201309,0.3248,0.8462,157
63810_201309,63810,201309,0.4122,0.7262,849
63110_201607,63110,201607,0.2982,0.8314,332
63320_201607,63320,201607,0.3814,0.7483,5377
63620_201607,63620,201607,0.3725,0.7365,298
63621_201607,63621,201607,0.3725,0.7365,298
63710_201607,63710,201607,0.3445,0.8244,238
63810_201607,63810,201607,0.3947,0.7295,641
63901_201607,63901,201607,0.3312,0.7046,160
63110_201905,63110,201905,0.1501,0.8805,633
63320_201905,63320,201905,0.4205,0.7366,2844
63620_201905,63620,201905,0.3829,0.7261,3753
63621_201905,63621,201905,0.3829,0.7261,3753
63710_201905,63710,201905,0.1389,0.816,216
63810_201905,63810,201905,0.3995,0.7346,4571
63901_201905,63901,201905,0.2226,0.758,274
63110_202205,63110,202205,0.2544,0.8067,2390
63320_202205,63320,202205,0.3311,0.7649,891
63620_202205,63620,202205,0.3707,0.6992,7192
63621_202205,63621,202205,0.3707,0.6992,7192
63710_202205,63710,202205,0.0769,0.675,26
63810_202205,63810,202205,0.3864,0.6977,6649
63901_202205,63901,202205,0.2226,0.758,274
64320_196011,64320,196011,0.1398,0.7905,329
64620_196011,64620,196011,0.1973,0.7905,806
64951_196011,64951,196011,0.1434,0.7812,279
64320_196311,64320,196311,0.1543,0.7557,622
64620_196311,64620,196311,0.2347,0.7857,882
64951_196311,64951,196311,0.1487,0.7723,464
64320_196611,64320,196611,0.0985,0.7676,975
64620_196611,64620,196611,0.1858,0.7938,802
64951_196611,64951,196611,0.1015,0.7947,670
64320_196911,64320,196911,0.1084,0.7829,1042
64620_196911,64620,196911,0.1855,0.7817,1526
64951_196911,64951,196911,0.0053,0.8191,1316
64320_197211,64320,197211,0.0956,0.7847,1213
64620_197211,64620,197211,0.1566,0.7721,1616
64951_197211,64951,197211,0.0761,0.7897,1182
64320_197511,64320,197511,0.1436,0.7778,1170
64620_197511,64620,197511,0.1032,0.7902,2132
64951_197511,64951,197511,0.0848,0.7854,1721
64320_197811,64320,197811,0.1276,0.7879,2383
64620_197811,64620,197811,0.2379,0.7764,1694
64951_197811,64951,197811,0.0836,0.7885,2058
64320_198111,64320,198111,0.0426,0.8055,352
64620_198111,64620,198111,0.1332,0.8569,1561
64951_198111,64951,198111,0.0899,0.7761,1702
64320_198407,64320,198407,0.2072,0.7969,2307
64620_198407,64620,198407,-0.0703,0.8677,128
64951_198407,64951,198407,0.1682,0.8029,214
64320_198708,64320,198708,0.3211,0.8114,109
64620_198708,64620,198708,0.1985,0.8081,826
64951_198708,64951,198708,0.1445,0.847,256
64320_199010,64320,199010,0.2728,0.7725,1712
64620_199010,64620,199010,0.1615,0.8314,421
64951_199010,64951,199010,0.2455,0.759,220
64320_199311,64320,199311,0.2114,0.7974,1812
64321_199311,64321,199311,0.1558,0.8092,321
64620_199311,64620,199311,0.2179,0.7894,592
64621_199311,64621,199311,0.1501,0.7882,786
64320_199610,64320,199610,0.3056,0.7572,72
64321_199610,64321,199610,0.0614,0.8105,277
64420_199610,64420,199610,0.2639,0.7358,144
64620_199610,64620,199610,0.182,0.7982,467
64621_199610,64621,199610,0.1237,0.7358,97
64110_199911,64110,199911,0.1569,0.8378,969
64320_199911,64320,199911,0.2869,0.7375,495
64321_199911,64321,199911,0.0224,0.8599,223
64420_199911,64420,199911,0.267,0.8204,352
64620_199911,64620,199911,0.0745,0.8815,161
64621_199911,64621,199911,0.3094,0.7657,585
64110_200207,64110,200207,0.1111,0.8749,72
64320_200207,64320,200207,0.3038,0.7728,2893
64420_200207,64420,200207,0.2325,0.8301,1230
64421_200207,64421,200207,0.1089,0.7695,101
64422_200207,64422,200207,0.2174,0.8318,92
64621_200207,64621,200207,0.1683,0.7836,1194
64110_200509,64110,200509,0.0,0.8771,78
64320_200509,64320,200509,0.2,0.7228,160
64420_200509,64420,200509,0.3333,0.9428,3
64422_200509,64422,200509,0.2105,0.8322,19
64620_200509,64620,200509,-0.0136,0.8728,147
64901_200509,64901,200509,0.2857,0.4518,7
64110_200811,64110,200811,-0.1492,0.8506,181
64320_200811,64320,200811,0.225,0.8413,240
64420_200811,64420,200811,0.1667,0.8498,48
64421_200811,64421,200811,-0.4667,0.718,15
64422_200811,64422,200811,-0.2031,0.7941,64
64620_200811,64620,200811,-0.0591,0.8318,220
64901_200811,64901,200811,0.2975,0.7767,279
64110_201111,64110,201111,0.1176,0.8998,68
64320_201111,64320,201111,-0.0545,0.8184,110
64420_201111,64420,201111,0.1378,0.8609,196
64421_201111,64421,201111,0.0,0.7442,65
64620_201111,64620,201111,0.2043,0.7924,5028
64621_201111,64621,201111,-0.0862,0.8567,174
64901_201111,64901,201111,0.2156,0.7786,334
64902_201111,64902,201111,0.3097,0.7599,352
64110_201409,64110,201409,0.2318,0.7973,3404
64320_201409,64320,201409,0.2174,0.8142,138
64420_201409,64420,201409,0.202,0.7847,198
64421_201409,64421,201409,0.2947,0.7451,380
64620_201409,64620,201409,0.2676,0.7561,3588
64621_201409,64621,201409,0.2895,0.7695,1392
64901_201409,64901,201409,0.2818,0.7603,181
64110_201709,64110,201709,0.2593,0.7853,1724
64320_201709,64320,201709,0.2762,0.7912,887
64420_201709,64420,201709,0.2677,0.8128,198
64620_201709,64620,201709,0.4271,0.753,391
64621_201709,64621,201709,0.2273,0.7959,629
64901_201709,64901,201709,0.2919,0.8195,185
64110_202010,64110,202010,0.1897,0.8071,643
64320_202010,64320,202010,0.3386,0.8108,443
64420_202010,64420,202010,0.2424,0.8355,1283
64620_202010,64620,202010,0.1733,0.7907,1581
64621_202010,64621,202010,0.3411,0.7718,302
64901_202010,64901,202010,0.1452,0.8274,778
72903_200301,72903,200301,0.4167,0.862,12
80220_199412,80220,199412,0.1026,0.8218,312
80410_199412,80410,199412,0.1246,0.8299,345
80811_199412,80811,199412,0.0364,0.8413,110
80951_199412,80951,199412,0.2517,0.8148,143
92710_199110,92710,199110,-0.1477,0.86,88
92210_199309,92210,199309,0.3333,0.7766,63
92322_199309,92322,199309,0.2143,0.7539,70
92410_199309,92410,199309,0.1875,0.8077,16
92710_199309,92710,199309,-0.0385,0.8077,26
92811_199309,92811,199309,0.3036,0.73,56
96952_199006,96952,199006,0.2895,0.8556,38
96220_199206,96220,199206,0.2315,0.8345,108
181310_199404,181310,199404,0.1576,0.8525,165
181410_199404,181410,199404,0.2952,0.7859,210
181310_199906,181310,199906,0.2006,0.8251,319
181410_199906,181410,199906,0.123,0.8522,553
181910_199906,181910,199906,-0.1207,0.9112,58
181310_200404,181310,200404,0.6429,0.6333,70
181411_200404,181411,200404,0.1809,0.8332,586
181910_200404,181910,200404,0.2208,0.8158,231
181310_200904,181310,200904,0.3007,0.7848,286
181411_200904,181411,200904,0.2957,0.8042,602
181420_200904,181420,200904,0.4615,0.7284,78
181910_200904,181910,200904,-0.0106,0.874,377
181210_201405,181210,201405,0.25,0.7924,436
181310_201405,181310,201405,0.3235,0.7378,510
181411_201405,181411,201405,0.3698,0.7639,622
181420_201405,181420,201405,0.3041,0.7855,148
181910_201405,181910,201405,0.1328,0.8732,241
181210_201905,181210,201905,0.1854,0.7548,960
181310_201905,181310,201905,0.3586,0.7567,502
181311_201905,181311,201905,0.3042,0.8073,309
181320_201905,181320,201905,0.2403,0.8785,129
181325_201905,181325,201905,0.2481,0.8262,129
181411_201905,181411,201905,0.2474,0.8384,1552
181420_201905,181420,201905,0.1823,0.8376,181
181510_201905,181510,201905,0.75,0.433,16
181520_201905,181520,201905,0.2028,0.8633,281
181710_201905,181710,201905,0.1478,0.8716,467
181910_201905,181910,201905,0.0887,0.8521,124
181980_201905,181980,201905,0.396,0.7186,101
