manifesto_id,party,date,mean_score,n_sentences
31320_198106,31320,198106,1.0,236
51320_196410,51320,196410,1.0,399
51420_196410,51420,196410,1.0,216
51620_196410,51620,196410,1.0,412
51320_196603,51320,196603,1.0,513
51420_196603,51420,196603,1.0,308
51620_196603,51620,196603,1.0,273
51320_197006,51320,197006,1.0,524
51420_197006,51420,197006,1.0,181
51620_197006,51620,197006,1.0,540
51320_197402,51320,197402,1.0,182
51420_197402,51420,197402,1.0,353
51620_197402,51620,197402,1.0,568
51320_197410,51320,197410,1.0,364
51420_197410,51420,197410,1.0,262
51620_197410,51620,197410,1.0,663
51320_197905,51320,197905,1.0,472
51420_197905,51420,197905,1.0,335
51620_197905,51620,197905,1.0,422
51320_198306,51320,198306,1.0,1134
51330_198306,51330,198306,1.0,509
51420_198306,51420,198306,1.0,509
51620_198306,51620,198306,1.0,610
51320_198706,51320,198706,1.0,451
51330_198706,51330,198706,1.0,673
51420_198706,51420,198706,1.0,673
51620_198706,51620,198706,1.0,913
51320_199204,51320,199204,1.0,652
51421_199204,51421,199204,1.0,871
51620_199204,51620,199204,1.0,1582
51320_199705,51320,199705,1.0,904
51421_199705,51421,199705,1.0,824
51620_199705,51620,199705,1.0,1160
51902_199705,51902,199705,1.0,549
51320_200106,51320,200106,1.0,1572
51421_200106,51421,200106,1.0,1117
51620_200106,51620,200106,1.0,680
51902_200106,51902,200106,1.0,437
51951_200106,51951,200106,1.0,614
51320_200505,51320,200505,1.0,1098
51421_200505,51421,200505,1.0,775
51620_200505,51620,200505,1.0,408
51110_201505,51110,201505,1.0,1849
51210_201505,51210,201505,1.0,274
51320_201505,51320,201505,1.0,857
51340_201505,51340,201505,1.0,385
51421_201505,51421,201505,1.0,1327
51620_201505,51620,201505,1.0,1133
51621_201505,51621,201505,1.0,271
51901_201505,51901,201505,1.0,729
51902_201505,51902,201505,1.0,673
51903_201505,51903,201505,1.0,104
51951_201505,51951,201505,1.0,1019
51110_201706,51110,201706,1.0,142
51210_201706,51210,201706,1.0,124
51320_201706,51320,201706,1.0,1072
51421_201706,51421,201706,1.0,850
51620_201706,51620,201706,1.0,1182
51901_201706,51901,201706,1.0,289
51902_201706,51902,201706,1.0,841
51903_201706,51903,201706,1.0,273
51951_201706,51951,201706,1.0,991
51110_201912,51110,201912,1.0,976
51210_201912,51210,201912,1.0,109
51320_201912,51320,201912,1.0,1121
51340_201912,51340,201912,1.0,362
51421_201912,51421,201912,1.0,1049
51430_201912,51430,201912,1.0,499
51620_201912,51620,201912,1.0,887
51901_201912,51901,201912,1.0,760
51902_201912,51902,201912,1.0,784
51903_201912,51903,201912,1.0,425
51110_202407,51110,202407,1.0,881
51210_202407,51210,202407,1.0,84
51320_202407,51320,202407,1.0,1258
51340_202407,51340,202407,1.0,359
51421_202407,51421,202407,1.0,990
51430_202407,51430,202407,1.0,675
51620_202407,51620,202407,1.0,1142
51621_202407,51621,202407,1.0,380
51701_202407,51701,202407,1.0,372
51901_202407,51901,202407,1.0,675
51902_202407,51902,202407,1.0,328
51903_202407,51903,202407,1.0,468
51904_202407,51904,202407,1.0,344
53320_196110,53320,196110,1.0,154
53520_196110,53520,196110,1.0,113
53320_196504,53320,196504,1.0,145
53520_196504,53520,196504,1.0,417
53620_196504,53620,196504,1.0,87
53320_196906,53320,196906,1.0,436
53520_196906,53520,196906,1.0,413
53620_196906,53620,196906,1.0,25
53320_197302,53320,197302,1.0,38
53520_197302,53520,197302,1.0,38
53620_197302,53620,197302,1.0,153
53320_197706,53320,197706,1.0,277
53520_197706,53520,197706,1.0,277
53620_197706,53620,197706,1.0,310
53320_198106,53320,198106,1.0,708
53520_198106,53520,198106,1.0,652
53620_198106,53620,198106,1.0,734
53320_198202,53320,198202,1.0,24
53520_198202,53520,198202,1.0,129
53620_198202,53620,198202,1.0,12
53220_198211,53220,198211,1.0,341
53320_198211,53320,198211,1.0,92
53520_198211,53520,198211,1.0,159
53620_198211,53620,198211,1.0,1458
53220_198702,53220,198702,1.0,602
53320_198702,53320,198702,1.0,298
53420_198702,53420,198702,1.0,236
53520_198702,53520,198702,1.0,598
53620_198702,53620,198702,1.0,637
53220_198906,53220,198906,1.0,651
53320_198906,53320,198906,1.0,166
53420_198906,53420,198906,1.0,226
53520_198906,53520,198906,1.0,824
53620_198906,53620,198906,1.0,1148
53110_199211,53110,199211,1.0,190
53221_199211,53221,199211,1.0,278
53320_199211,53320,199211,1.0,766
53420_199211,53420,199211,1.0,160
53520_199211,53520,199211,1.0,189
53620_199211,53620,199211,1.0,177
53110_199706,53110,199706,1.0,447
53221_199706,53221,199706,1.0,150
53320_199706,53320,199706,1.0,1515
53420_199706,53420,199706,1.0,631
53520_199706,53520,199706,1.0,1002
53620_199706,53620,199706,1.0,2068
53110_200205,53110,200205,1.0,533
53320_200205,53320,200205,1.0,1218
53420_200205,53420,200205,1.0,1540
53520_200205,53520,200205,1.0,419
53620_200205,53620,200205,1.0,1505
53951_200205,53951,200205,1.0,951
53110_200705,53110,200705,1.0,343
53320_200705,53320,200705,1.0,2048
53420_200705,53420,200705,1.0,1304
53520_200705,53520,200705,1.0,1401
53620_200705,53620,200705,1.0,1867
53951_200705,53951,200705,1.0,1135
53021_201102,53021,201102,1.0,84
53110_201102,53110,201102,1.0,509
53230_201102,53230,201102,1.0,49
53320_201102,53320,201102,1.0,1242
53520_201102,53520,201102,1.0,1367
53620_201102,53620,201102,1.0,565
53951_201102,53951,201102,1.0,542
53110_201602,53110,201602,1.0,462
53231_201602,53231,201602,1.0,388
53240_201602,53240,201602,1.0,223
53250_201602,53250,201602,1.0,107
53320_201602,53320,201602,1.0,1430
53321_201602,53321,201602,1.0,610
53520_201602,53520,201602,1.0,2103
53620_201602,53620,201602,1.0,1742
53951_201602,53951,201602,1.0,1132
53981_201602,53981,201602,1.0,73
53110_202002,53110,202002,1.0,1044
53231_202002,53231,202002,1.0,586
53320_202002,53320,202002,1.0,779
53321_202002,53321,202002,1.0,1353
53520_202002,53520,202002,1.0,2022
53620_202002,53620,202002,1.0,1935
53951_202002,53951,202002,1.0,1626
53952_202002,53952,202002,1.0,1137
61320_196011,61320,196011,1.0,755
61620_196011,61620,196011,1.0,454
61320_196411,61320,196411,1.0,228
61620_196411,61620,196411,1.0,295
61320_196811,61320,196811,1.0,662
61620_196811,61620,196811,1.0,444
61320_197211,61320,197211,1.0,1105
61620_197211,61620,197211,1.0,1097
61320_197611,61320,197611,1.0,832
61620_197611,61620,197611,1.0,934
61320_198011,61320,198011,1.0,1617
61620_198011,61620,198011,1.0,1417
61320_198411,61320,198411,1.0,1861
61620_198411,61620,198411,1.0,1418
61320_198811,61320,198811,1.0,69
61620_198811,61620,198811,1.0,1817
61320_199211,61320,199211,1.0,353
61620_199211,61620,199211,1.0,1532
61320_199611,61320,199611,1.0,745
61620_199611,61620,199611,1.0,1233
61320_200011,61320,200011,1.0,1110
61620_200011,61620,200011,1.0,1647
61320_200411,61320,200411,1.0,910
61620_200411,61620,200411,1.0,1751
61320_200811,61320,200811,1.0,1094
61620_200811,61620,200811,1.0,998
61320_201211,61320,201211,1.0,980
61620_201211,61620,201211,1.0,1234
61320_201611,61320,201611,1.0,1045
61620_201611,61620,201611,1.0,1553
61320_202011,61320,202011,1.0,1522
61620_202011,61620,202011,1.0,1553
61320_202411,61320,202411,1.0,1745
61620_202411,61620,202411,1.0,227
62320_196206,62320,196206,1.0,472
62420_196206,62420,196206,1.0,348
62620_196206,62620,196206,1.0,61
62951_196206,62951,196206,1.0,112
62320_196304,62320,196304,1.0,15
62420_196304,62420,196304,1.0,324
62620_196304,62620,196304,1.0,65
62951_196304,62951,196304,1.0,54
62320_196511,62320,196511,1.0,23
62420_196511,62420,196511,1.0,342
62620_196511,62620,196511,1.0,104
62951_196511,62951,196511,1.0,69
62320_196806,62320,196806,1.0,183
62420_196806,62420,196806,1.0,307
62620_196806,62620,196806,1.0,337
62951_196806,62951,196806,1.0,73
62320_197210,62320,197210,1.0,177
62620_197210,62620,197210,1.0,70
62420_197407,62420,197407,1.0,90
62620_197407,62620,197407,1.0,52
62420_198002,62420,198002,1.0,114
62620_198002,62620,198002,1.0,45
62320_198409,62320,198409,1.0,256
62420_198409,62420,198409,1.0,318
62320_198811,62320,198811,1.0,539
62420_199310,62420,199310,1.0,90
62320_199706,62320,199706,1.0,604
62420_199706,62420,199706,1.0,1990
62620_199706,62620,199706,1.0,856
62621_199706,62621,199706,1.0,38
62901_199706,62901,199706,1.0,337
62320_200011,62320,200011,1.0,387
62420_200011,62420,200011,1.0,551
62620_200011,62620,200011,1.0,672
62622_200011,62622,200011,1.0,425
62320_200406,62320,200406,1.0,586
62420_200406,62420,200406,1.0,707
62623_200406,62623,200406,1.0,484
62320_200601,62320,200601,1.0,610
62420_200601,62420,200601,1.0,1167
62623_200601,62623,200601,1.0,520
62110_200810,62110,200810,1.0,2029
62320_200810,62320,200810,1.0,623
62420_200810,62420,200810,1.0,346
62623_200810,62623,200810,1.0,273
62110_201510,62110,201510,1.0,453
62320_201510,62320,201510,1.0,768
62420_201510,62420,201510,1.0,747
62623_201510,62623,201510,1.0,1325
62110_201910,62110,201910,1.0,1013
62320_201910,62320,201910,1.0,1042
62420_201910,62420,201910,1.0,786
62623_201910,62623,201910,1.0,1118
62110_202109,62110,202109,1.0,1164
62320_202109,62320,202109,1.0,1329
62420_202109,62420,202109,1.0,1599
62623_202109,62623,202109,1.0,1956
63320_196112,63320,196112,1.0,137
63330_196112,63330,196112,1.0,60
63620_196112,63620,196112,1.0,235
63810_196112,63810,196112,1.0,69
63320_196311,63320,196311,1.0,181
63330_196311,63330,196311,1.0,262
63620_196311,63620,196311,1.0,173
63810_196311,63810,196311,1.0,60
63320_196611,63320,196611,1.0,215
63330_196611,63330,196611,1.0,372
63620_196611,63620,196611,1.0,210
63810_196611,63810,196611,1.0,119
63320_196910,63320,196910,1.0,410
63330_196910,63330,196910,1.0,69
63620_196910,63620,196910,1.0,248
63810_196910,63810,196910,1.0,79
63320_197212,63320,197212,1.0,493
63330_197212,63330,197212,1.0,138
63620_197212,63620,197212,1.0,374
63810_197212,63810,197212,1.0,74
63330_197405,63330,197405,1.0,243
63620_197405,63620,197405,1.0,246
63810_197405,63810,197405,1.0,80
63320_197512,63320,197512,1.0,418
63330_197512,63330,197512,1.0,287
63620_197512,63620,197512,1.0,218
63810_197512,63810,197512,1.0,199
63320_197712,63320,197712,1.0,299
63330_197712,63330,197712,1.0,47
63620_197712,63620,197712,1.0,394
63810_197712,63810,197712,1.0,392
63320_198010,63320,198010,1.0,260
63620_198010,63620,198010,1.0,942
63810_198010,63810,198010,1.0,200
63320_198303,63320,198303,1.0,345
63620_198303,63620,198303,1.0,1156
63810_198303,63810,198303,1.0,190
63320_198412,63320,198412,1.0,376
63620_198412,63620,198412,1.0,634
63810_198412,63810,198412,1.0,214
63320_198707,63320,198707,1.0,193
63810_198707,63810,198707,1.0,216
63320_199003,63320,199003,1.0,474
63620_199003,63620,199003,1.0,541
63810_199003,63810,199003,1.0,419
63320_199303,63320,199303,1.0,580
63620_199303,63620,199303,1.0,381
63810_199303,63810,199303,1.0,108
63320_199603,63320,199603,1.0,2544
63321_199603,63321,199603,1.0,412
63320_199810,63320,199810,1.0,161
63321_199810,63321,199810,1.0,90
63620_199810,63620,199810,1.0,104
63810_199810,63810,199810,1.0,104
63320_200111,63320,200111,1.0,228
63321_200111,63321,200111,1.0,266
63620_200111,63620,200111,1.0,268
63810_200111,63810,200111,1.0,157
63110_200410,63110,200410,1.0,156
63320_200410,63320,200410,1.0,336
63620_200410,63620,200410,1.0,298
63810_200410,63810,200410,1.0,76
63110_200711,63110,200711,1.0,124
63320_200711,63320,200711,1.0,278
63620_200711,63620,200711,1.0,150
63810_200711,63810,200711,1.0,87
63110_201008,63110,201008,1.0,1315
63320_201008,63320,201008,1.0,438
63620_201008,63620,201008,1.0,46
63621_201008,63621,201008,1.0,46
63810_201008,63810,201008,1.0,927
63110_201309,63110,201309,1.0,294
63320_201309,63320,201309,1.0,300
63410_201309,63410,201309,1.0,165
63620_201309,63620,201309,1.0,498
63621_201309,63621,201309,1.0,498
63622_201309,63622,201309,1.0,498
63710_201309,63710,201309,1.0,157
63810_201309,63810,201309,1.0,849
63110_201607,63110,201607,1.0,332
63320_201607,63320,201607,1.0,5377
63620_201607,63620,201607,1.0,298
63621_201607,63621,201607,1.0,298
63710_201607,63710,201607,1.0,238
63810_201607,63810,201607,1.0,641
63901_201607,63901,201607,1.0,160
63110_201905,63110,201905,1.0,633
63320_201905,63320,201905,1.0,2844
63620_201905,63620,201905,1.0,3753
63621_201905,63621,201905,1.0,3753
63710_201905,63710,201905,1.0,216
63810_201905,63810,201905,1.0,4571
63901_201905,63901,201905,1.0,274
63110_202205,63110,202205,1.0,2390
63320_202205,63320,202205,1.0,891
63620_202205,63620,202205,1.0,7192
63621_202205,63621,202205,1.0,7192
63710_202205,63710,202205,1.0,26
63810_202205,63810,202205,1.0,6649
63901_202205,63901,202205,1.0,274
64320_196011,64320,196011,1.0,329
64620_196011,64620,196011,1.0,806
64951_196011,64951,196011,1.0,279
64320_196311,64320,196311,1.0,622
64620_196311,64620,196311,1.0,882
64951_196311,64951,196311,1.0,464
64320_196611,64320,196611,1.0,975
64620_196611,64620,196611,1.0,802
64951_196611,64951,196611,1.0,670
64320_196911,64320,196911,1.0,1042
64620_196911,64620,196911,1.0,1526
64951_196911,64951,196911,1.0,1316
64320_197211,64320,197211,1.0,1213
64620_197211,64620,197211,1.0,1616
64951_197211,64951,197211,1.0,1182
64320_197511,64320,197511,1.0,1170
64620_197511,64620,197511,1.0,2132
64951_197511,64951,197511,1.0,1721
64320_197811,64320,197811,1.0,2383
64620_197811,64620,197811,1.0,1694
64951_197811,64951,197811,1.0,2058
64320_198111,64320,198111,1.0,352
64620_198111,64620,198111,1.0,1561
64951_198111,64951,198111,1.0,1702
64320_198407,64320,198407,1.0,2307
64620_198407,64620,198407,1.0,128
64951_198407,64951,198407,1.0,214
64320_198708,64320,198708,1.0,109
64620_198708,64620,198708,1.0,826
64951_198708,64951,198708,1.0,256
64320_199010,64320,199010,1.0,1712
64620_199010,64620,199010,1.0,421
64951_199010,64951,199010,1.0,220
64320_199311,64320,199311,1.0,1812
64321_199311,64321,199311,1.0,321
64620_199311,64620,199311,1.0,592
64621_199311,64621,199311,1.0,786
64320_199610,64320,199610,1.0,72
64321_199610,64321,199610,1.0,277
64420_199610,64420,199610,1.0,144
64620_199610,64620,199610,1.0,467
64621_199610,64621,199610,1.0,97
64110_199911,64110,199911,1.0,969
64320_199911,64320,199911,1.0,495
64321_199911,64321,199911,1.0,223
64420_199911,64420,199911,1.0,352
64620_199911,64620,199911,1.0,161
64621_199911,64621,199911,1.0,585
64110_200207,64110,200207,1.0,72
64320_200207,64320,200207,1.0,2893
64420_200207,64420,200207,1.0,1230
64421_200207,64421,200207,1.0,101
64422_200207,64422,200207,1.0,92
64621_200207,64621,200207,1.0,1194
64110_200509,64110,200509,1.0,78
64320_200509,64320,200509,1.0,160
64420_200509,64420,200509,1.0,3
64422_200509,64422,200509,1.0,19
64620_200509,64620,200509,1.0,147
64901_200509,64901,200509,1.0,7
64110_200811,64110,200811,1.0,181
64320_200811,64320,200811,1.0,240
64420_200811,64420,200811,1.0,48
64421_200811,64421,200811,1.0,15
64422_200811,64422,200811,1.0,64
64620_200811,64620,200811,1.0,220
64901_200811,64901,200811,1.0,279
64110_201111,64110,201111,1.0,68
64320_201111,64320,201111,1.0,110
64420_201111,64420,201111,1.0,196
64421_201111,64421,201111,1.0,65
64620_201111,64620,201111,1.0,5028
64621_201111,64621,201111,1.0,174
64901_201111,64901,201111,1.0,334
64902_201111,64902,201111,1.0,352
64110_201409,64110,201409,1.0,3404
64320_201409,64320,201409,1.0,138
64420_201409,64420,201409,1.0,198
64421_201409,64421,201409,1.0,380
64620_201409,64620,201409,1.0,3588
64621_201409,64621,201409,1.0,1392
64901_201409,64901,201409,1.0,181
64110_201709,64110,201709,1.0,1724
64320_201709,64320,201709,1.0,887
64420_201709,64420,201709,1.0,198
64620_201709,64620,201709,1.0,391
64621_201709,64621,201709,1.0,629
64901_201709,64901,201709,1.0,185
64110_202010,64110,202010,1.0,643
64320_202010,64320,202010,1.0,443
64420_202010,64420,202010,1.0,1283
64620_202010,64620,202010,1.0,1581
64621_202010,64621,202010,1.0,302
64901_202010,64901,202010,1.0,778
72903_200301,72903,200301,1.0,12
80220_199412,80220,199412,1.0,312
80410_199412,80410,199412,1.0,345
80811_199412,80811,199412,1.0,110
80951_199412,80951,199412,1.0,143
92710_199110,92710,199110,1.0,88
92210_199309,92210,199309,1.0,63
92322_199309,92322,199309,1.0,70
92410_199309,92410,199309,1.0,16
92710_199309,92710,199309,1.0,26
92811_199309,92811,199309,1.0,56
96952_199006,96952,199006,1.0,38
96220_199206,96220,199206,1.0,108
181310_199404,181310,199404,1.0,165
181410_199404,181410,199404,1.0,210
181310_199906,181310,199906,1.0,319
181410_199906,181410,199906,1.0,553
181910_199906,181910,199906,1.0,58
181310_200404,181310,200404,1.0,70
181411_200404,181411,200404,1.0,586
181910_200404,181910,200404,1.0,231
181310_200904,181310,200904,1.0,286
181411_200904,181411,200904,1.0,602
181420_200904,181420,200904,1.0,78
181910_200904,181910,200904,1.0,377
181210_201405,181210,201405,1.0,436
181310_201405,181310,201405,1.0,510
181411_201405,181411,201405,1.0,622
181420_201405,181420,201405,1.0,148
181910_201405,181910,201405,1.0,241
181210_201905,181210,201905,1.0,960
181310_201905,181310,201905,1.0,502
181311_201905,181311,201905,1.0,309
181320_201905,181320,201905,1.0,129
181325_201905,181325,201905,1.0,129
181411_201905,181411,201905,1.0,1552
181420_201905,181420,201905,1.0,181
181510_201905,181510,201905,1.0,16
181520_201905,181520,201905,1.0,281
181710_201905,181710,201905,1.0,467
181910_201905,181910,201905,1.0,124
181980_201905,181980,201905,1.0,101
